ID,Type,Message,Performed By,Occurred At
188340243,story_update_activity,Armando Fox accepted this chore,Armando Fox,2025-04-19T01:11:28Z
169936179,story_update_activity,Armando Fox unstarted this chore,Armando Fox,2025-03-18T20:06:57Z
169936179,story_update_activity,Armando Fox started this chore,Armando Fox,2025-03-18T20:06:44Z
186870729,story_update_activity,Armando Fox edited this chore,Armando Fox,2025-03-18T19:58:24Z
188684448,story_update_activity,Armando Fox edited this feature,Armando Fox,2025-03-18T19:55:47Z
188340243,story_update_activity,Armando Fox started this chore,Armando Fox,2025-03-06T00:01:21Z
188734579,story_update_activity,Armando Fox accepted this feature,Armando Fox,2025-03-06T00:01:08Z
188734579,story_update_activity,Armando Fox delivered this feature,Armando Fox,2025-03-06T00:01:07Z
188734578,story_update_activity,Armando Fox accepted this bug,Armando Fox,2025-03-06T00:01:07Z
188734578,story_update_activity,Armando Fox delivered this bug,Armando Fox,2025-03-06T00:01:06Z
188734580,story_update_activity,Armando Fox accepted this feature,Armando Fox,2025-03-06T00:01:05Z
188734580,story_update_activity,Armando Fox delivered this feature,Armando Fox,2025-03-06T00:01:03Z
188734579,story_update_activity,Armando Fox finished this feature,Armando Fox,2025-03-05T01:49:13Z
188734579,story_update_activity,Armando Fox started this feature,Armando Fox,2025-03-05T01:47:25Z
188341417,story_delete_activity,Armando Fox deleted this chore,Armando Fox,2025-03-05T01:17:40Z
188734578,story_update_activity,Armando Fox finished this bug,Armando Fox,2025-02-24T23:25:18Z
188734578,story_update_activity,Armando Fox started this bug,Armando Fox,2025-02-19T21:34:14Z
188734580,story_update_activity,Armando Fox edited this feature,Armando Fox,2025-02-19T21:33:56Z
188734578,comment_create_activity,"Armando Fox added comment: ""Detailed bug description: https://docs.google.com/document/d/1D-bb5eahMv65spoMZhBEID1sQKC8ikEtkrSJVKiXOuA/edit?tab=t.0""",Armando Fox,2025-02-19T21:33:40Z
188734580,story_update_activity,Armando Fox finished this feature,Armando Fox,2025-02-19T21:02:21Z
188734580,story_update_activity,Armando Fox started this feature,Armando Fox,2025-02-19T20:59:22Z
188734579,story_update_activity,Armando Fox estimated this feature as 1 point,Armando Fox,2025-02-19T20:57:34Z
188734580,story_update_activity,Armando Fox estimated this feature as 1 point,Armando Fox,2025-02-19T20:57:32Z
188340308,story_update_activity,Armando Fox accepted this release,Armando Fox,2025-02-19T20:57:26Z
188798523,story_create_activity,Armando Fox added this bug,Armando Fox,2025-01-20T05:59:13Z
188765112,story_create_activity,Armando Fox added this chore,Armando Fox,2025-01-10T03:33:07Z
188684448,story_move_activity,Armando Fox moved and scheduled this story before 'Ensure all indices on db columns',Armando Fox,2025-01-10T03:31:52Z
188734580,story_create_activity,Armando Fox added this feature,Armando Fox,2024-12-31T22:00:21Z
188734579,story_create_activity,Armando Fox added this feature,Armando Fox,2024-12-31T21:58:45Z
188734578,story_create_activity,Armando Fox added this bug,Armando Fox,2024-12-31T21:58:10Z
5329573,epic_create_activity,Armando Fox added this epic,Armando Fox,2024-12-31T21:56:41Z
24615535,label_create_activity,"Armando Fox created labels: ""invalid-gift-recipient""",Armando Fox,2024-12-31T21:56:41Z
188684448,story_create_activity,Armando Fox added this feature,Armando Fox,2024-12-13T01:21:15Z
